logs,clean_logs,cluster
ERROR DB connection timeout,error db connection timeout,0
DB connection failed error,db connection failed error,0
ERROR database connection timed out,error database connection timed out,0
Login successful for user,login successful for user,1
ERROR database connection timed out,error database connection timed out,0
ERROR database connection timed out,error database connection timed out,0
INFO User login success,info user login success,2
Login successful for user,login successful for user,1
ERROR database connection timed out,error database connection timed out,0
INFO User login success,info user login success,2
User logged in successfully,user logged in successfully,1
ERROR DB connection timeout,error db connection timeout,0
ERROR DB connection timeout,error db connection timeout,0
ERROR DB connection timeout,error db connection timeout,0
Login successful for user,login successful for user,1
ERROR DB connection timeout,error db connection timeout,0
INFO User login success,info user login success,2
ERROR database connection timed out,error database connection timed out,0
ERROR DB connection timeout,error db connection timeout,0
User logged in successfully,user logged in successfully,1
ERROR DB connection timeout,error db connection timeout,0
ERROR DB connection timeout,error db connection timeout,0
INFO User login success,info user login success,2
ERROR database connection timed out,error database connection timed out,0
ERROR database connection timed out,error database connection timed out,0
User logged in successfully,user logged in successfully,1
Login successful for user,login successful for user,1
Login successful for user,login successful for user,1
Login successful for user,login successful for user,1
User logged in successfully,user logged in successfully,1
INFO User login success,info user login success,2
INFO User login success,info user login success,2
INFO User login success,info user login success,2
INFO User login success,info user login success,2
User logged in successfully,user logged in successfully,1
ERROR database connection timed out,error database connection timed out,0
ERROR DB connection timeout,error db connection timeout,0
ERROR database connection timed out,error database connection timed out,0
User logged in successfully,user logged in successfully,1
ERROR database connection timed out,error database connection timed out,0
DB connection failed error,db connection failed error,0
Login successful for user,login successful for user,1
INFO User login success,info user login success,2
INFO User login success,info user login success,2
DB connection failed error,db connection failed error,0
User logged in successfully,user logged in successfully,1
Login successful for user,login successful for user,1
ERROR database connection timed out,error database connection timed out,0
ERROR database connection timed out,error database connection timed out,0
Login successful for user,login successful for user,1
User logged in successfully,user logged in successfully,1
ERROR DB connection timeout,error db connection timeout,0
Login successful for user,login successful for user,1
DB connection failed error,db connection failed error,0
DB connection failed error,db connection failed error,0
User logged in successfully,user logged in successfully,1
ERROR database connection timed out,error database connection timed out,0
ERROR DB connection timeout,error db connection timeout,0
ERROR DB connection timeout,error db connection timeout,0
INFO User login success,info user login success,2
Login successful for user,login successful for user,1
INFO User login success,info user login success,2
INFO User login success,info user login success,2
Login successful for user,login successful for user,1
INFO User login success,info user login success,2
Login successful for user,login successful for user,1
Login successful for user,login successful for user,1
ERROR DB connection timeout,error db connection timeout,0
INFO User login success,info user login success,2
User logged in successfully,user logged in successfully,1
Login successful for user,login successful for user,1
ERROR DB connection timeout,error db connection timeout,0
DB connection failed error,db connection failed error,0
Login successful for user,login successful for user,1
Login successful for user,login successful for user,1
User logged in successfully,user logged in successfully,1
INFO User login success,info user login success,2
INFO User login success,info user login success,2
INFO User login success,info user login success,2
INFO User login success,info user login success,2
INFO User login success,info user login success,2
ERROR database connection timed out,error database connection timed out,0
DB connection failed error,db connection failed error,0
ERROR DB connection timeout,error db connection timeout,0
Login successful for user,login successful for user,1
User logged in successfully,user logged in successfully,1
Login successful for user,login successful for user,1
ERROR database connection timed out,error database connection timed out,0
INFO User login success,info user login success,2
User logged in successfully,user logged in successfully,1
DB connection failed error,db connection failed error,0
ERROR DB connection timeout,error db connection timeout,0
INFO User login success,info user login success,2
User logged in successfully,user logged in successfully,1
ERROR database connection timed out,error database connection timed out,0
User logged in successfully,user logged in successfully,1
INFO User login success,info user login success,2
ERROR DB connection timeout,error db connection timeout,0
DB connection failed error,db connection failed error,0
Login successful for user,login successful for user,1
INFO User login success,info user login success,2
INFO User login success,info user login success,2
Login successful for user,login successful for user,1
ERROR DB connection timeout,error db connection timeout,0
DB connection failed error,db connection failed error,0
Login successful for user,login successful for user,1
ERROR database connection timed out,error database connection timed out,0
DB connection failed error,db connection failed error,0
Login successful for user,login successful for user,1
ERROR DB connection timeout,error db connection timeout,0
DB connection failed error,db connection failed error,0
ERROR database connection timed out,error database connection timed out,0
DB connection failed error,db connection failed error,0
INFO User login success,info user login success,2
Login successful for user,login successful for user,1
INFO User login success,info user login success,2
ERROR DB connection timeout,error db connection timeout,0
INFO User login success,info user login success,2
Login successful for user,login successful for user,1
User logged in successfully,user logged in successfully,1
ERROR database connection timed out,error database connection timed out,0
ERROR database connection timed out,error database connection timed out,0
User logged in successfully,user logged in successfully,1
INFO User login success,info user login success,2
ERROR database connection timed out,error database connection timed out,0
ERROR DB connection timeout,error db connection timeout,0
INFO User login success,info user login success,2
DB connection failed error,db connection failed error,0
Login successful for user,login successful for user,1
User logged in successfully,user logged in successfully,1
User logged in successfully,user logged in successfully,1
ERROR DB connection timeout,error db connection timeout,0
User logged in successfully,user logged in successfully,1
ERROR DB connection timeout,error db connection timeout,0
ERROR DB connection timeout,error db connection timeout,0
Login successful for user,login successful for user,1
ERROR DB connection timeout,error db connection timeout,0
User logged in successfully,user logged in successfully,1
DB connection failed error,db connection failed error,0
ERROR database connection timed out,error database connection timed out,0
User logged in successfully,user logged in successfully,1
User logged in successfully,user logged in successfully,1
Login successful for user,login successful for user,1
DB connection failed error,db connection failed error,0
ERROR database connection timed out,error database connection timed out,0
Login successful for user,login successful for user,1
Login successful for user,login successful for user,1
INFO User login success,info user login success,2
INFO User login success,info user login success,2
ERROR database connection timed out,error database connection timed out,0
INFO User login success,info user login success,2
DB connection failed error,db connection failed error,0
INFO User login success,info user login success,2
User logged in successfully,user logged in successfully,1
DB connection failed error,db connection failed error,0
User logged in successfully,user logged in successfully,1
Login successful for user,login successful for user,1
ERROR DB connection timeout,error db connection timeout,0
INFO User login success,info user login success,2
ERROR DB connection timeout,error db connection timeout,0
Login successful for user,login successful for user,1
DB connection failed error,db connection failed error,0
User logged in successfully,user logged in successfully,1
DB connection failed error,db connection failed error,0
User logged in successfully,user logged in successfully,1
ERROR database connection timed out,error database connection timed out,0
ERROR database connection timed out,error database connection timed out,0
ERROR database connection timed out,error database connection timed out,0
INFO User login success,info user login success,2
Login successful for user,login successful for user,1
DB connection failed error,db connection failed error,0
Login successful for user,login successful for user,1
Login successful for user,login successful for user,1
ERROR DB connection timeout,error db connection timeout,0
User logged in successfully,user logged in successfully,1
Login successful for user,login successful for user,1
ERROR DB connection timeout,error db connection timeout,0
ERROR DB connection timeout,error db connection timeout,0
ERROR database connection timed out,error database connection timed out,0
ERROR DB connection timeout,error db connection timeout,0
CRITICAL Kernel panic system crash,critical kernel panic system crash,-1
Unable to reach server,unable to reach server,-1
INFO Payment processed,info payment processed,3
High memory usage detected,high memory usage detected,-1
Payment completed successfully,payment completed successfully,4
User authentication error,user authentication error,5
SECURITY breach detected unauthorized access,security breach detected unauthorized access,-1
INFO Payment processed,info payment processed,3
ERROR Authentication failed,error authentication failed,5
User authentication error,user authentication error,5
Memory consumption exceeded threshold,memory consumption exceeded threshold,-1
WARNING Memory usage high,warning memory usage high,-1
User authentication error,user authentication error,5
Invalid credentials login failed,invalid credentials login failed,5
Payment completed successfully,payment completed successfully,4
User authentication error,user authentication error,5
Invalid credentials login failed,invalid credentials login failed,5
Invalid credentials login failed,invalid credentials login failed,5
Payment completed successfully,payment completed successfully,4
INFO Payment processed,info payment processed,3
